
INSERT INTO `location` (`id`, `latitude`, `longitude`) VALUES
(1, '47.38365737943568', '0.6917401319673244'),
(2, '47.38365737943568', '0.6917401319673244'),
(3, '47.38365737943568', '0.6917401319673244'),
(4, '47.9027336', '1.9086066'),
(5, '47.9027336', '1.9086066'),
(6, '47.9027336', '1.9086066'),
(7, '47.5876861', '1.3337639'),
(8, '47.5876861', '1.3337639'),
(9, '46.8047', '1.6957099'),
(10, '46.8047', '1.6957099'),
(11, '48.4438601', '1.4881434'),
(12, '47.3510905', '0.6622524'),
(13, '47.3510905', '0.6622524'),
(14, '48.7358807', '1.3684254'),
(15, '48.7358807', '1.3684254'),
(16, '48.7358807', '1.3684254'),
(17, '48.7358807', '1.3684254'),
(18, '47.2217489', '2.0691421'),
(19, '47.8650984', '1.9015752'),
(20, '48.8566969', '2.3514616'),
(21, '43.2961743', '5.3699525'),
(22, '45.7578137', '4.8320114'),
(23, '43.6044622', '1.4442469'),
(24, '43.7009358', '7.2683912'),
(25, '43.7009358', '7.2683912'),
(26, '43.7009358', '7.2683912'),
(27, '43.7009358', '7.2683912'),
(28, '47.2186371', '-1.5541362'),
(29, '47.2186371', '-1.5541362'),
(30, '47.2186371', '-1.5541362'),
(31, '43.6112422', '3.8767337'),
(32, '48.584614', '7.7507127'),
(33, '48.584614', '7.7507127'),
(34, '44.841225', '-0.5800364'),
(35, '44.841225', '-0.5800364'),
(36, '44.841225', '-0.5800364'),
(37, '50.6365654', '3.0635282'),
(38, '50.6365654', '3.0635282'),
(39, '48.8566969', '2.3514616'),
(40, '47.8650984', '1.9015752'),
(41, '50.6365654', '3.0635282'),
(42, '45.7578137', '4.8320114'),
(43, '47.0805693', '2.398932'),
(44, '47.9027336', '1.9086066'),
(45, '48.584614', '7.7507127'),
(46, '47.2186371', '-1.5541362'),
(47, '47.0805693', '2.398932'),
(48, '47.8650984', '1.9015752'),
(49, '43.6112422', '3.8767337'),
(50, '47.5876861', '1.3337639'),
(51, '48.4438601', '1.4881434'),
(52, '45.7578137', '4.8320114'),
(53, '48.8566969', '2.3514616'),
(54, '48.8566969', '2.3514616'),
(55, '45.7578137', '4.8320114'),
(56, '43.6044622', '1.4442469'),
(57, '48.7358807', '1.3684254'),
(58, '43.6112422', '3.8767337');

INSERT INTO `gpslocation_pointer` (`id`, `location_id`) VALUES
(1, 1),
(2, 2),
(3, 3),
(4, 4),
(5, 5),
(6, 6),
(7, 7),
(8, 8),
(9, 9),
(10, 10),
(11, 11),
(12, 12),
(13, 13),
(14, 14),
(15, 15),
(16, 16),
(17, 17),
(18, 18),
(19, 19),
(20, 20),
(21, 21),
(22, 22),
(23, 23),
(24, 24),
(25, 25),
(26, 26),
(27, 27),
(28, 28),
(29, 29),
(30, 30),
(31, 31),
(32, 32),
(33, 33),
(34, 34),
(35, 35),
(36, 36),
(37, 37),
(38, 38),
(39, 39),
(40, 40),
(41, 41),
(42, 42),
(43, 43),
(44, 44),
(45, 45),
(46, 46),
(47, 47),
(48, 48),
(49, 49),
(50, 50),
(51, 51),
(52, 52),
(53, 53),
(54, 54),
(55, 55),
(56, 56),
(57, 57),
(58, 58);

INSERT INTO `address` (`id`, `city`, `country`, `department`, `postal_code`, `gps_location_pointer_id`) VALUES
(1, 'Tours', 'France', '37', '37000', 1),
(2, 'Tours', 'France', '37', '37000', 2),
(3, 'Tours', 'France', '37', '37000', 3),
(4, 'Orléans', 'France', '45', '45000', 4),
(5, 'Orléans', 'France', '45', '45000', 5),
(6, 'Orléans', 'France', '45', '45000', 6),
(7, 'Blois', 'France', '41', '41000', 7),
(8, 'Blois', 'France', '41', '41000', 8),
(9, 'Châteauroux', 'France', '36', '36000', 9),
(10, 'Châteauroux', 'France', '36', '36000', 10),
(11, 'Chartres', 'France', '28', '28000', 11),
(12, 'Joué-lès-Tours', 'France', '37', '37300', 12),
(13, 'Joué-lès-Tours', 'France', '37', '37300', 13),
(14, 'Dreux', 'France', '28', '28100', 14),
(15, 'Dreux', 'France', '28', '28100', 15),
(16, 'Dreux', 'France', '28', '28100', 16),
(17, 'Dreux', 'France', '28', '28100', 17),
(18, 'Vierzon', 'France', '18', '18100', 18),
(19, 'Olivet', 'France', '45', '45160', 19),
(20, 'Paris', 'France', '75', '75001', 20),
(21, 'Marseille', 'France', '13', '13001', 21),
(22, 'Lyon', 'France', '69', '69001', 22),
(23, 'Toulouse', 'France', '31', '31000', 23),
(24, 'Nice', 'France', '06', '06000', 24),
(25, 'Nice', 'France', '06', '06000', 25),
(26, 'Nice', 'France', '06', '06000', 26),
(27, 'Nice', 'France', '06', '06000', 27),
(28, 'Nantes', 'France', '44', '44000', 28),
(29, 'Nantes', 'France', '44', '44000', 29),
(30, 'Nantes', 'France', '44', '44000', 30),
(31, 'Montpellier', 'France', '34', '34000', 31),
(32, 'Strasbourg', 'France', '67', '67000', 32),
(33, 'Strasbourg', 'France', '67', '67000', 33),
(34, 'Bordeaux', 'France', '33', '33000', 34),
(35, 'Bordeaux', 'France', '33', '33000', 35),
(36, 'Bordeaux', 'France', '33', '33000', 36),
(37, 'Lille', 'France', '59', '59000', 37),
(38, 'Lille', 'France', '59', '59000', 38);

INSERT INTO `images_pointer` (`id`) VALUES
(1),
(2),
(3),
(4),
(5),
(6),
(7),
(8),
(9),
(10),
(11),
(12),
(13),
(14),
(15),
(16),
(17),
(18),
(19),
(20),
(21),
(22),
(23),
(24),
(25),
(26),
(27),
(28),
(29),
(30),
(31),
(32),
(33),
(34),
(35),
(36),
(37),
(38),
(39),
(40),
(41),
(42),
(43),
(44),
(45),
(46),
(47),
(48),
(49),
(50),
(51),
(52),
(53),
(54),
(55),
(56),
(57),
(58),
(59),
(60),
(61),
(62),
(63),
(64),
(65),
(66),
(67),
(68),
(69),
(70),
(71),
(72),
(73),
(74),
(75),
(76),
(77),
(78),
(79),
(80),
(81),
(82),
(83),
(84),
(85),
(86),
(87),
(88),
(89),
(90),
(91),
(92),
(93),
(94),
(95),
(96),
(97),
(98),
(99),
(100),
(101),
(102),
(103),
(104),
(105),
(106),
(107),
(108),
(109),
(110),
(111),
(112),
(113),
(114),
(115),
(116),
(117),
(118),
(119),
(120),
(121),
(122),
(123),
(124),
(125),
(126),
(127),
(128),
(129),
(130),
(131),
(132),
(133),
(134),
(135),
(136),
(137),
(138),
(139),
(140),
(141),
(142),
(143),
(144),
(145),
(146),
(147),
(148),
(149),
(150),
(151),
(152),
(153),
(154),
(155),
(156),
(157),
(158),
(159),
(160),
(161),
(162),
(163),
(164),
(165),
(166),
(167),
(168),
(169),
(170),
(171),
(172),
(173),
(174),
(175),
(176),
(177),
(178),
(179),
(180),
(181),
(182),
(183),
(184),
(185),
(186),
(187),
(188),
(189),
(190),
(191),
(192),
(193),
(194),
(195),
(196),
(197),
(198),
(199),
(200),
(201),
(202),
(203),
(204),
(205),
(206),
(207),
(208),
(209),
(210),
(211),
(212),
(213),
(214),
(215),
(216),
(217),
(218),
(219),
(220),
(221),
(222),
(223),
(224),
(225),
(226),
(227),
(228),
(229),
(230);

INSERT INTO `image` (`id`, `alternative_text`, `url_image`, `pointer_id`) VALUES
(1, 'img', 'http://localhost:8080/images-files/shop-group/carrefour.jpg', -1),
(2, 'img', 'http://localhost:8080/images-files/shop-group/leclerc.jpg', -1),
(3, 'img', 'http://localhost:8080/images-files/shop-group/auchan.jpg', -1),
(4, 'img', 'http://localhost:8080/images-files/shop-group/casino.jpg', -1),
(5, 'img', 'http://localhost:8080/images-files/shop-group/intermarche.jpg', -1),
(6, 'img', 'http://localhost:8080/images-files/shop-group/hyperu.jpg', -1),
(7, 'img', 'http://localhost:8080/images/shop/carrefour0', 1),
(8, 'img', 'http://localhost:8080/images/shop/carrefour2', 1),
(9, 'img', 'http://localhost:8080/images/shop/leclerc2', 2),
(10, 'img', 'http://localhost:8080/images/shop/leclerc0', 2),
(11, 'img', 'http://localhost:8080/images/shop/leclerc1', 2),
(12, 'img', 'http://localhost:8080/images/shop/auchan0', 3),
(13, 'img', 'http://localhost:8080/images/shop/auchan1', 3),
(14, 'img', 'http://localhost:8080/images/shop/leclerc0', 4),
(15, 'img', 'http://localhost:8080/images/shop/leclerc2', 4),
(16, 'img', 'http://localhost:8080/images/shop/leclerc1', 4),
(17, 'img', 'http://localhost:8080/images/shop/intermarche0', 5),
(18, 'img', 'http://localhost:8080/images/shop/hyperu0', 6),
(19, 'img', 'http://localhost:8080/images/shop/carrefour0', 7),
(20, 'img', 'http://localhost:8080/images/shop/auchan0', 8),
(21, 'img', 'http://localhost:8080/images/shop/intermarche0', 9),
(22, 'img', 'http://localhost:8080/images/shop/hyperu0', 10),
(23, 'img', 'http://localhost:8080/images/shop/leclerc1', 11),
(24, 'img', 'http://localhost:8080/images/shop/leclerc0', 11),
(25, 'img', 'http://localhost:8080/images/shop/leclerc2', 11),
(26, 'img', 'http://localhost:8080/images/shop/auchan1', 12),
(27, 'img', 'http://localhost:8080/images/shop/hyperu1', 13),
(28, 'img', 'http://localhost:8080/images/shop/carrefour1', 14),
(29, 'img', 'http://localhost:8080/images/shop/carrefour3', 14),
(30, 'img', 'http://localhost:8080/images/shop/carrefour0', 14),
(31, 'img', 'http://localhost:8080/images/shop/leclerc0', 15),
(32, 'img', 'http://localhost:8080/images/shop/geant0', 16),
(33, 'img', 'http://localhost:8080/images/shop/intermarche0', 17),
(34, 'img', 'http://localhost:8080/images/shop/leclerc0', 18),
(35, 'img', 'http://localhost:8080/images/shop/leclerc0', 19),
(36, 'img', 'http://localhost:8080/images/shop/leclerc1', 19),
(37, 'img', 'http://localhost:8080/images/shop/carrefour1', 20),
(38, 'img', 'http://localhost:8080/images/shop/auchan1', 21),
(39, 'img', 'http://localhost:8080/images/shop/leclerc0', 22),
(40, 'img', 'http://localhost:8080/images/shop/leclerc2', 22),
(41, 'img', 'http://localhost:8080/images/shop/leclerc1', 22),
(42, 'img', 'http://localhost:8080/images/shop/auchan1', 23),
(43, 'img', 'http://localhost:8080/images/shop/auchan0', 23),
(44, 'img', 'http://localhost:8080/images/shop/auchan0', 24),
(45, 'img', 'http://localhost:8080/images/shop/geant0', 25),
(46, 'img', 'http://localhost:8080/images/shop/intermarche0', 26),
(47, 'img', 'http://localhost:8080/images/shop/hyperu1', 27),
(48, 'img', 'http://localhost:8080/images/shop/hyperu0', 27),
(49, 'img', 'http://localhost:8080/images/shop/geant0', 28),
(50, 'img', 'http://localhost:8080/images/shop/intermarche0', 29),
(51, 'img', 'http://localhost:8080/images/shop/hyperu1', 30),
(52, 'img', 'http://localhost:8080/images/shop/hyperu0', 30),
(53, 'img', 'http://localhost:8080/images/shop/auchan0', 31),
(54, 'img', 'http://localhost:8080/images/shop/auchan1', 31),
(55, 'img', 'http://localhost:8080/images/shop/carrefour2', 32),
(56, 'img', 'http://localhost:8080/images/shop/geant0', 33),
(57, 'img', 'http://localhost:8080/images/shop/auchan0', 34),
(58, 'img', 'http://localhost:8080/images/shop/auchan1', 34),
(59, 'img', 'http://localhost:8080/images/shop/intermarche0', 35),
(60, 'img', 'http://localhost:8080/images/shop/hyperu0', 36),
(61, 'img', 'http://localhost:8080/images/shop/geant0', 37),
(62, 'img', 'http://localhost:8080/images/shop/hyperu1', 38),
(63, 'img', 'http://localhost:8080/images/shop/hyperu0', 38),
(64, 'img', 'http://localhost:8080/images/product/pomme3', 39),
(65, 'img', 'http://localhost:8080/images/product/pomme1', 39),
(66, 'img', 'http://localhost:8080/images/product/pomme0', 39),
(67, 'img', 'http://localhost:8080/images/product/pomme0', 40),
(68, 'img', 'http://localhost:8080/images/product/pomme2', 40),
(69, 'img', 'http://localhost:8080/images/product/abricot2', 41),
(70, 'img', 'http://localhost:8080/images/product/abricot0', 41),
(71, 'img', 'http://localhost:8080/images/product/abricot1', 41),
(72, 'img', 'http://localhost:8080/images/product/pomme3', 42),
(73, 'img', 'http://localhost:8080/images/product/pomme0', 42),
(74, 'img', 'http://localhost:8080/images/product/abricot1', 43),
(75, 'img', 'http://localhost:8080/images/product/peche0', 44),
(76, 'img', 'http://localhost:8080/images/product/poire1', 45),
(77, 'img', 'http://localhost:8080/images/product/poire2', 45),
(78, 'img', 'http://localhost:8080/images/product/poire3', 45),
(79, 'img', 'http://localhost:8080/images/product/orange3', 46),
(80, 'img', 'http://localhost:8080/images/product/orange1', 46),
(81, 'img', 'http://localhost:8080/images/product/orange2', 46),
(82, 'img', 'http://localhost:8080/images/product/orange0', 46),
(83, 'img', 'http://localhost:8080/images/product/noix1', 47),
(84, 'img', 'http://localhost:8080/images/product/myrtille0', 48),
(85, 'img', 'http://localhost:8080/images/product/pomme1', 49),
(86, 'img', 'http://localhost:8080/images/product/pomme2', 49),
(87, 'img', 'http://localhost:8080/images/product/abricot0', 50),
(88, 'img', 'http://localhost:8080/images/product/peche1', 51),
(89, 'img', 'http://localhost:8080/images/product/poire0', 52),
(90, 'img', 'http://localhost:8080/images/product/poire3', 52),
(91, 'img', 'http://localhost:8080/images/product/orange2', 53),
(92, 'img', 'http://localhost:8080/images/product/noix0', 54),
(93, 'img', 'http://localhost:8080/images/product/noix1', 54),
(94, 'img', 'http://localhost:8080/images/product/myrtille0', 55),
(95, 'img', 'http://localhost:8080/images/product/raisin3', 56),
(96, 'img', 'http://localhost:8080/images/product/raisin0', 56),
(97, 'img', 'http://localhost:8080/images/product/raisin1', 56),
(98, 'img', 'http://localhost:8080/images/product/raisin2', 56),
(99, 'img', 'http://localhost:8080/images/product/pomme3', 57),
(100, 'img', 'http://localhost:8080/images/product/pomme1', 57),
(101, 'img', 'http://localhost:8080/images/product/abricot0', 58),
(102, 'img', 'http://localhost:8080/images/product/abricot1', 58),
(103, 'img', 'http://localhost:8080/images/product/peche1', 59),
(104, 'img', 'http://localhost:8080/images/product/poire3', 60),
(105, 'img', 'http://localhost:8080/images/product/pomme2', 61),
(106, 'img', 'http://localhost:8080/images/product/abricot0', 62),
(107, 'img', 'http://localhost:8080/images/product/abricot1', 62),
(108, 'img', 'http://localhost:8080/images/product/peche0', 63),
(109, 'img', 'http://localhost:8080/images/product/peche1', 63),
(110, 'img', 'http://localhost:8080/images/product/pomme3', 64),
(111, 'img', 'http://localhost:8080/images/product/pomme0', 64),
(112, 'img', 'http://localhost:8080/images/product/abricot2', 65),
(113, 'img', 'http://localhost:8080/images/product/peche1', 66),
(114, 'img', 'http://localhost:8080/images/product/peche0', 66),
(115, 'img', 'http://localhost:8080/images/product/poire3', 67),
(116, 'img', 'http://localhost:8080/images/product/orange2', 68),
(117, 'img', 'http://localhost:8080/images/product/orange1', 68),
(118, 'img', 'http://localhost:8080/images/product/noix1', 69),
(119, 'img', 'http://localhost:8080/images/product/noix0', 69),
(120, 'img', 'http://localhost:8080/images/product/myrtille0', 70),
(121, 'img', 'http://localhost:8080/images/product/raisin3', 71),
(122, 'img', 'http://localhost:8080/images/product/raisin1', 71),
(123, 'img', 'http://localhost:8080/images/product/pomme0', 72),
(124, 'img', 'http://localhost:8080/images/product/pomme1', 72),
(125, 'img', 'http://localhost:8080/images/product/abricot0', 73),
(126, 'img', 'http://localhost:8080/images/product/abricot1', 73),
(127, 'img', 'http://localhost:8080/images/product/abricot2', 73),
(128, 'img', 'http://localhost:8080/images/product/peche1', 74),
(129, 'img', 'http://localhost:8080/images/product/poire1', 75),
(130, 'img', 'http://localhost:8080/images/product/pomme3', 76),
(131, 'img', 'http://localhost:8080/images/product/abricot2', 77),
(132, 'img', 'http://localhost:8080/images/product/abricot0', 77),
(133, 'img', 'http://localhost:8080/images/product/abricot1', 77),
(134, 'img', 'http://localhost:8080/images/product/pomme1', 78),
(135, 'img', 'http://localhost:8080/images/product/pomme0', 78),
(136, 'img', 'http://localhost:8080/images/product/pomme3', 78),
(137, 'img', 'http://localhost:8080/images/product/pomme2', 78),
(138, 'img', 'http://localhost:8080/images/product/abricot1', 79),
(139, 'img', 'http://localhost:8080/images/product/abricot2', 79),
(140, 'img', 'http://localhost:8080/images/product/abricot0', 79),
(141, 'img', 'http://localhost:8080/images/product/peche0', 80),
(142, 'img', 'http://localhost:8080/images/product/peche1', 80),
(143, 'img', 'http://localhost:8080/images/product/poire3', 81),
(144, 'img', 'http://localhost:8080/images/product/poire2', 81),
(145, 'img', 'http://localhost:8080/images/product/poire0', 81),
(146, 'img', 'http://localhost:8080/images/product/poire1', 81),
(147, 'img', 'http://localhost:8080/images/product/orange0', 82),
(148, 'img', 'http://localhost:8080/images/product/orange3', 82),
(149, 'img', 'http://localhost:8080/images/product/orange2', 82),
(150, 'img', 'http://localhost:8080/images/product/noix1', 83),
(151, 'img', 'http://localhost:8080/images/product/noix0', 83),
(152, 'img', 'http://localhost:8080/images/product/myrtille0', 84),
(153, 'img', 'http://localhost:8080/images/product/raisin2', 85),
(154, 'img', 'http://localhost:8080/images/product/pomme1', 86),
(155, 'img', 'http://localhost:8080/images/product/pomme3', 86),
(156, 'img', 'http://localhost:8080/images/product/pomme0', 86),
(157, 'img', 'http://localhost:8080/images/product/abricot0', 87),
(158, 'img', 'http://localhost:8080/images/product/abricot2', 87),
(159, 'img', 'http://localhost:8080/images/product/peche0', 88),
(160, 'img', 'http://localhost:8080/images/product/poire0', 89),
(161, 'img', 'http://localhost:8080/images/product/orange1', 90),
(162, 'img', 'http://localhost:8080/images/product/noix0', 91),
(163, 'img', 'http://localhost:8080/images/product/myrtille0', 92),
(164, 'img', 'http://localhost:8080/images/product/raisin0', 93),
(165, 'img', 'http://localhost:8080/images/product/raisin2', 93),
(166, 'img', 'http://localhost:8080/images/product/pomme3', 94),
(167, 'img', 'http://localhost:8080/images/product/pomme2', 94),
(168, 'img', 'http://localhost:8080/images/product/abricot1', 95),
(169, 'img', 'http://localhost:8080/images/product/abricot0', 95),
(170, 'img', 'http://localhost:8080/images/product/abricot2', 95),
(171, 'img', 'http://localhost:8080/images/product/peche0', 96),
(172, 'img', 'http://localhost:8080/images/product/peche1', 96),
(173, 'img', 'http://localhost:8080/images/product/pomme3', 97),
(174, 'img', 'http://localhost:8080/images/product/pomme1', 97),
(175, 'img', 'http://localhost:8080/images/product/pomme0', 97),
(176, 'img', 'http://localhost:8080/images/product/pomme2', 97),
(177, 'img', 'http://localhost:8080/images/product/pomme0', 98),
(178, 'img', 'http://localhost:8080/images/product/abricot2', 99),
(179, 'img', 'http://localhost:8080/images/product/abricot1', 99),
(180, 'img', 'http://localhost:8080/images/product/abricot0', 99),
(181, 'img', 'http://localhost:8080/images/product/peche1', 100),
(182, 'img', 'http://localhost:8080/images/product/poire3', 101),
(183, 'img', 'http://localhost:8080/images/product/poire2', 101),
(184, 'img', 'http://localhost:8080/images/product/poire1', 101),
(185, 'img', 'http://localhost:8080/images/product/orange2', 102),
(186, 'img', 'http://localhost:8080/images/product/orange3', 102),
(187, 'img', 'http://localhost:8080/images/product/noix1', 103),
(188, 'img', 'http://localhost:8080/images/product/myrtille0', 104),
(189, 'img', 'http://localhost:8080/images/product/raisin2', 105),
(190, 'img', 'http://localhost:8080/images/product/pomme3', 106),
(191, 'img', 'http://localhost:8080/images/product/pomme0', 106),
(192, 'img', 'http://localhost:8080/images/product/abricot0', 107),
(193, 'img', 'http://localhost:8080/images/product/abricot2', 107),
(194, 'img', 'http://localhost:8080/images/product/abricot1', 107),
(195, 'img', 'http://localhost:8080/images/product/peche0', 108),
(196, 'img', 'http://localhost:8080/images/product/poire1', 109),
(197, 'img', 'http://localhost:8080/images/product/poire2', 109),
(198, 'img', 'http://localhost:8080/images/product/poire3', 109),
(199, 'img', 'http://localhost:8080/images/product/poire0', 109),
(200, 'img', 'http://localhost:8080/images/product/orange1', 110),
(201, 'img', 'http://localhost:8080/images/product/orange3', 110),
(202, 'img', 'http://localhost:8080/images/product/noix1', 111),
(203, 'img', 'http://localhost:8080/images/product/myrtille0', 112),
(204, 'img', 'http://localhost:8080/images/product/pomme2', 113),
(205, 'img', 'http://localhost:8080/images/product/pomme0', 113),
(206, 'img', 'http://localhost:8080/images/product/pomme3', 113),
(207, 'img', 'http://localhost:8080/images/product/abricot1', 114),
(208, 'img', 'http://localhost:8080/images/product/peche0', 115),
(209, 'img', 'http://localhost:8080/images/product/poire0', 116),
(210, 'img', 'http://localhost:8080/images/product/orange1', 117),
(211, 'img', 'http://localhost:8080/images/product/noix1', 118),
(212, 'img', 'http://localhost:8080/images/product/noix0', 118),
(213, 'img', 'http://localhost:8080/images/product/pomme2', 119),
(214, 'img', 'http://localhost:8080/images/product/abricot2', 120),
(215, 'img', 'http://localhost:8080/images/product/peche1', 121),
(216, 'img', 'http://localhost:8080/images/product/peche0', 121),
(217, 'img', 'http://localhost:8080/images/product/pomme1', 122),
(218, 'img', 'http://localhost:8080/images/product/pomme2', 122),
(219, 'img', 'http://localhost:8080/images/product/pomme0', 122),
(220, 'img', 'http://localhost:8080/images/product/abricot1', 123),
(221, 'img', 'http://localhost:8080/images/product/abricot0', 123),
(222, 'img', 'http://localhost:8080/images/product/abricot2', 123),
(223, 'img', 'http://localhost:8080/images/product/pomme0', 124),
(224, 'img', 'http://localhost:8080/images/product/pomme1', 124),
(225, 'img', 'http://localhost:8080/images/product/pomme3', 125),
(226, 'img', 'http://localhost:8080/images/product/pomme2', 125),
(227, 'img', 'http://localhost:8080/images/product/pomme1', 125),
(228, 'img', 'http://localhost:8080/images/product/abricot0', 126),
(229, 'img', 'http://localhost:8080/images/product/abricot1', 126),
(230, 'img', 'http://localhost:8080/images/product/abricot2', 126),
(231, 'img', 'http://localhost:8080/images/product/peche0', 127),
(232, 'img', 'http://localhost:8080/images/product/peche1', 127),
(233, 'img', 'http://localhost:8080/images/product/poire2', 128),
(234, 'img', 'http://localhost:8080/images/product/poire3', 128),
(235, 'img', 'http://localhost:8080/images/product/poire1', 128),
(236, 'img', 'http://localhost:8080/images/product/poire0', 128),
(237, 'img', 'http://localhost:8080/images/product/orange1', 129),
(238, 'img', 'http://localhost:8080/images/product/orange2', 129),
(239, 'img', 'http://localhost:8080/images/product/orange0', 129),
(240, 'img', 'http://localhost:8080/images/product/orange3', 129),
(241, 'img', 'http://localhost:8080/images/product/pomme0', 130),
(242, 'img', 'http://localhost:8080/images/product/abricot0', 131),
(243, 'img', 'http://localhost:8080/images/product/abricot1', 131),
(244, 'img', 'http://localhost:8080/images/product/peche1', 132),
(245, 'img', 'http://localhost:8080/images/product/pomme2', 133),
(246, 'img', 'http://localhost:8080/images/product/pomme1', 133),
(247, 'img', 'http://localhost:8080/images/product/pomme3', 133),
(248, 'img', 'http://localhost:8080/images/product/pomme0', 133),
(249, 'img', 'http://localhost:8080/images/product/abricot0', 134),
(250, 'img', 'http://localhost:8080/images/product/abricot1', 134),
(251, 'img', 'http://localhost:8080/images/product/abricot2', 134),
(252, 'img', 'http://localhost:8080/images/product/peche0', 135),
(253, 'img', 'http://localhost:8080/images/product/poire0', 136),
(254, 'img', 'http://localhost:8080/images/product/orange3', 137),
(255, 'img', 'http://localhost:8080/images/product/orange2', 137),
(256, 'img', 'http://localhost:8080/images/product/orange0', 137),
(257, 'img', 'http://localhost:8080/images/product/noix0', 138),
(258, 'img', 'http://localhost:8080/images/product/noix1', 138),
(259, 'img', 'http://localhost:8080/images/product/pomme1', 139),
(260, 'img', 'http://localhost:8080/images/product/pomme0', 139),
(261, 'img', 'http://localhost:8080/images/product/pomme3', 139),
(262, 'img', 'http://localhost:8080/images/product/pomme2', 139),
(263, 'img', 'http://localhost:8080/images/product/abricot2', 140),
(264, 'img', 'http://localhost:8080/images/product/abricot0', 140),
(265, 'img', 'http://localhost:8080/images/product/peche1', 141),
(266, 'img', 'http://localhost:8080/images/product/peche0', 141),
(267, 'img', 'http://localhost:8080/images/product/poire2', 142),
(268, 'img', 'http://localhost:8080/images/product/orange3', 143),
(269, 'img', 'http://localhost:8080/images/product/orange1', 143),
(270, 'img', 'http://localhost:8080/images/product/orange0', 143),
(271, 'img', 'http://localhost:8080/images/product/noix1', 144),
(272, 'img', 'http://localhost:8080/images/product/noix0', 144),
(273, 'img', 'http://localhost:8080/images/product/myrtille0', 145),
(274, 'img', 'http://localhost:8080/images/product/pomme3', 146),
(275, 'img', 'http://localhost:8080/images/product/pomme2', 146),
(276, 'img', 'http://localhost:8080/images/product/pomme1', 146),
(277, 'img', 'http://localhost:8080/images/product/pomme0', 146),
(278, 'img', 'http://localhost:8080/images/product/abricot1', 147),
(279, 'img', 'http://localhost:8080/images/product/peche1', 148),
(280, 'img', 'http://localhost:8080/images/product/poire1', 149),
(281, 'img', 'http://localhost:8080/images/product/poire2', 149),
(282, 'img', 'http://localhost:8080/images/product/orange2', 150),
(283, 'img', 'http://localhost:8080/images/product/noix0', 151),
(284, 'img', 'http://localhost:8080/images/product/myrtille0', 152),
(285, 'img', 'http://localhost:8080/images/product/pomme3', 153),
(286, 'img', 'http://localhost:8080/images/product/abricot2', 154),
(287, 'img', 'http://localhost:8080/images/product/abricot1', 154),
(288, 'img', 'http://localhost:8080/images/product/peche1', 155),
(289, 'img', 'http://localhost:8080/images/product/peche0', 155),
(290, 'img', 'http://localhost:8080/images/product/poire0', 156),
(291, 'img', 'http://localhost:8080/images/product/poire2', 156),
(292, 'img', 'http://localhost:8080/images/product/poire3', 156),
(293, 'img', 'http://localhost:8080/images/product/poire1', 156),
(294, 'img', 'http://localhost:8080/images/product/orange1', 157),
(295, 'img', 'http://localhost:8080/images/product/orange0', 157),
(296, 'img', 'http://localhost:8080/images/product/orange3', 157),
(297, 'img', 'http://localhost:8080/images/product/noix1', 158),
(298, 'img', 'http://localhost:8080/images/product/noix0', 158),
(299, 'img', 'http://localhost:8080/images/product/pomme2', 159),
(300, 'img', 'http://localhost:8080/images/product/pomme3', 159),
(301, 'img', 'http://localhost:8080/images/product/pomme0', 159),
(302, 'img', 'http://localhost:8080/images/product/pomme1', 159),
(303, 'img', 'http://localhost:8080/images/product/abricot0', 160),
(304, 'img', 'http://localhost:8080/images/product/abricot2', 160),
(305, 'img', 'http://localhost:8080/images/product/abricot1', 160),
(306, 'img', 'http://localhost:8080/images/product/peche1', 161),
(307, 'img', 'http://localhost:8080/images/product/peche0', 161),
(308, 'img', 'http://localhost:8080/images/product/poire1', 162),
(309, 'img', 'http://localhost:8080/images/product/poire3', 162),
(310, 'img', 'http://localhost:8080/images/product/poire0', 162),
(311, 'img', 'http://localhost:8080/images/product/orange3', 163),
(312, 'img', 'http://localhost:8080/images/product/orange2', 163),
(313, 'img', 'http://localhost:8080/images/product/orange0', 163),
(314, 'img', 'http://localhost:8080/images/product/noix1', 164),
(315, 'img', 'http://localhost:8080/images/product/myrtille0', 165),
(316, 'img', 'http://localhost:8080/images/product/raisin3', 166),
(317, 'img', 'http://localhost:8080/images/product/raisin0', 166),
(318, 'img', 'http://localhost:8080/images/product/raisin2', 166),
(319, 'img', 'http://localhost:8080/images/product/pomme2', 167),
(320, 'img', 'http://localhost:8080/images/product/pomme3', 167),
(321, 'img', 'http://localhost:8080/images/product/pomme1', 167),
(322, 'img', 'http://localhost:8080/images/product/pomme0', 167),
(323, 'img', 'http://localhost:8080/images/product/pomme0', 168),
(324, 'img', 'http://localhost:8080/images/product/pomme3', 168),
(325, 'img', 'http://localhost:8080/images/product/pomme1', 168),
(326, 'img', 'http://localhost:8080/images/product/abricot2', 169),
(327, 'img', 'http://localhost:8080/images/product/abricot0', 169),
(328, 'img', 'http://localhost:8080/images/product/peche1', 170),
(329, 'img', 'http://localhost:8080/images/product/poire1', 171),
(330, 'img', 'http://localhost:8080/images/product/pomme2', 172),
(331, 'img', 'http://localhost:8080/images/product/pomme0', 172),
(332, 'img', 'http://localhost:8080/images/product/pomme3', 172),
(333, 'img', 'http://localhost:8080/images/product/pomme1', 172),
(334, 'img', 'http://localhost:8080/images/product/abricot2', 173),
(335, 'img', 'http://localhost:8080/images/product/abricot1', 173),
(336, 'img', 'http://localhost:8080/images/product/peche1', 174),
(337, 'img', 'http://localhost:8080/images/product/poire1', 175),
(338, 'img', 'http://localhost:8080/images/product/poire2', 175),
(339, 'img', 'http://localhost:8080/images/product/poire3', 175),
(340, 'img', 'http://localhost:8080/images/product/orange1', 176),
(341, 'img', 'http://localhost:8080/images/product/orange3', 176),
(342, 'img', 'http://localhost:8080/images/product/noix0', 177),
(343, 'img', 'http://localhost:8080/images/product/noix1', 177),
(344, 'img', 'http://localhost:8080/images/product/pomme1', 178),
(345, 'img', 'http://localhost:8080/images/product/pomme3', 178),
(346, 'img', 'http://localhost:8080/images/product/pomme2', 178),
(347, 'img', 'http://localhost:8080/images/product/abricot0', 179),
(348, 'img', 'http://localhost:8080/images/product/abricot1', 179),
(349, 'img', 'http://localhost:8080/images/product/peche1', 180),
(350, 'img', 'http://localhost:8080/images/product/poire0', 181),
(351, 'img', 'http://localhost:8080/images/product/poire3', 181),
(352, 'img', 'http://localhost:8080/images/product/pomme3', 182),
(353, 'img', 'http://localhost:8080/images/product/pomme2', 182),
(354, 'img', 'http://localhost:8080/images/product/pomme1', 182),
(355, 'img', 'http://localhost:8080/images/product/pomme0', 182),
(356, 'img', 'http://localhost:8080/images/product/abricot2', 183),
(357, 'img', 'http://localhost:8080/images/product/abricot1', 183),
(358, 'img', 'http://localhost:8080/images/product/abricot0', 183),
(359, 'img', 'http://localhost:8080/images/product/peche1', 184),
(360, 'img', 'http://localhost:8080/images/product/poire1', 185),
(361, 'img', 'http://localhost:8080/images/product/poire0', 185),
(362, 'img', 'http://localhost:8080/images/product/poire3', 185),
(363, 'img', 'http://localhost:8080/images/product/poire2', 185),
(364, 'img', 'http://localhost:8080/images/product/orange2', 186),
(365, 'img', 'http://localhost:8080/images/product/orange3', 186),
(366, 'img', 'http://localhost:8080/images/product/orange1', 186),
(367, 'img', 'http://localhost:8080/images/product/noix1', 187),
(368, 'img', 'http://localhost:8080/images/product/noix0', 187),
(369, 'img', 'http://localhost:8080/images/product/pomme3', 188),
(370, 'img', 'http://localhost:8080/images/product/pomme2', 188),
(371, 'img', 'http://localhost:8080/images/product/pomme0', 188),
(372, 'img', 'http://localhost:8080/images/product/pomme1', 188),
(373, 'img', 'http://localhost:8080/images/product/abricot1', 189),
(374, 'img', 'http://localhost:8080/images/product/peche0', 190),
(375, 'img', 'http://localhost:8080/images/product/peche1', 190),
(376, 'img', 'http://localhost:8080/images/product/poire1', 191),
(377, 'img', 'http://localhost:8080/images/product/orange3', 192),
(378, 'img', 'http://localhost:8080/images/product/orange1', 192),
(379, 'img', 'http://localhost:8080/images/product/orange2', 192),
(380, 'img', 'http://localhost:8080/images/product/pomme1', 193),
(381, 'img', 'http://localhost:8080/images/product/abricot0', 194),
(382, 'img', 'http://localhost:8080/images/product/peche1', 195),
(383, 'img', 'http://localhost:8080/images/product/peche0', 195),
(384, 'img', 'http://localhost:8080/images/product/poire3', 196),
(385, 'img', 'http://localhost:8080/images/product/poire2', 196),
(386, 'img', 'http://localhost:8080/images/product/poire0', 196),
(387, 'img', 'http://localhost:8080/images/product/poire1', 196),
(388, 'img', 'http://localhost:8080/images/product/orange1', 197),
(389, 'img', 'http://localhost:8080/images/product/orange3', 197),
(390, 'img', 'http://localhost:8080/images/product/orange0', 197),
(391, 'img', 'http://localhost:8080/images/product/noix1', 198),
(392, 'img', 'http://localhost:8080/images/product/noix0', 198),
(393, 'img', 'http://localhost:8080/images/product/myrtille0', 199),
(394, 'img', 'http://localhost:8080/images/product/pomme2', 200),
(395, 'img', 'http://localhost:8080/images/product/pomme3', 200),
(396, 'img', 'http://localhost:8080/images/product/pomme0', 200),
(397, 'img', 'http://localhost:8080/images/product/pomme1', 200),
(398, 'img', 'http://localhost:8080/images/product/abricot0', 201),
(399, 'img', 'http://localhost:8080/images/product/abricot1', 201),
(400, 'img', 'http://localhost:8080/images/product/peche1', 202),
(401, 'img', 'http://localhost:8080/images/product/peche0', 202),
(402, 'img', 'http://localhost:8080/images/product/poire0', 203),
(403, 'img', 'http://localhost:8080/images/product/orange0', 204),
(404, 'img', 'http://localhost:8080/images/product/noix1', 205),
(405, 'img', 'http://localhost:8080/images/product/myrtille0', 206),
(406, 'img', 'http://localhost:8080/images/product/raisin3', 207),
(407, 'img', 'http://localhost:8080/images/product/raisin0', 207),
(408, 'img', 'http://localhost:8080/images/product/pomme1', 208),
(409, 'img', 'http://localhost:8080/images/product/pomme2', 208),
(410, 'img', 'http://localhost:8080/images/product/abricot1', 209),
(411, 'img', 'http://localhost:8080/images/product/peche1', 210),
(412, 'img', 'http://localhost:8080/images/product/poire3', 211),
(413, 'img', 'http://localhost:8080/images/product/poire2', 211),
(414, 'img', 'http://localhost:8080/images/product/orange3', 212),
(415, 'img', 'http://localhost:8080/images/product/orange1', 212),
(416, 'img', 'http://localhost:8080/images/product/orange0', 212),
(417, 'img', 'http://localhost:8080/images/product/pomme1', 213),
(418, 'img', 'http://localhost:8080/images/product/abricot0', 214),
(419, 'img', 'http://localhost:8080/images/product/peche1', 215),
(420, 'img', 'http://localhost:8080/images/product/poire3', 216),
(421, 'img', 'http://localhost:8080/images/product/poire1', 216),
(422, 'img', 'http://localhost:8080/images/product/orange1', 217),
(423, 'img', 'http://localhost:8080/images/product/orange2', 217),
(424, 'img', 'http://localhost:8080/images/product/noix1', 218),
(425, 'img', 'http://localhost:8080/images/product/myrtille0', 219),
(426, 'img', 'http://localhost:8080/images/product/raisin0', 220),
(427, 'img', 'http://localhost:8080/images/product/raisin3', 220),
(428, 'img', 'http://localhost:8080/images/product/raisin2', 220),
(429, 'img', 'http://localhost:8080/images/product/pomme2', 221),
(430, 'img', 'http://localhost:8080/images/product/pomme3', 221),
(431, 'img', 'http://localhost:8080/images/product/pomme1', 221),
(432, 'img', 'http://localhost:8080/images/product/abricot1', 222),
(433, 'img', 'http://localhost:8080/images/product/abricot0', 222),
(434, 'img', 'http://localhost:8080/images/product/abricot2', 222),
(435, 'img', 'http://localhost:8080/images/product/peche0', 223),
(436, 'img', 'http://localhost:8080/images/product/peche1', 223),
(437, 'img', 'http://localhost:8080/images/product/poire1', 224),
(438, 'img', 'http://localhost:8080/images/product/poire0', 224),
(439, 'img', 'http://localhost:8080/images/product/orange3', 225),
(440, 'img', 'http://localhost:8080/images/product/noix0', 226),
(441, 'img', 'http://localhost:8080/images/product/pomme0', 227),
(442, 'img', 'http://localhost:8080/images/product/pomme1', 227),
(443, 'img', 'http://localhost:8080/images/product/abricot0', 228),
(444, 'img', 'http://localhost:8080/images/product/abricot1', 228),
(445, 'img', 'http://localhost:8080/images/product/abricot2', 228),
(446, 'img', 'http://localhost:8080/images/product/peche1', 229),
(447, 'img', 'http://localhost:8080/images/product/poire3', 230),
(448, 'img', 'http://localhost:8080/images/product/poire2', 230);

INSERT INTO `shop_group` (`id`, `name`, `logo_id`) VALUES
(1, 'Carrefour', 1),
(2, 'E.Leclerc', 2),
(3, 'Auchan', 3),
(4, 'Géant Casino', 4),
(5, 'Intermarché', 5),
(6, 'Hyper U', 6);

INSERT INTO `shop` (`id`, `address_id`, `images_id`, `shop_group_id`) VALUES
(1, 1, 1, 1),
(2, 2, 2, 2),
(3, 3, 3, 3),
(4, 4, 4, 2),
(5, 5, 5, 5),
(6, 6, 6, 6),
(7, 7, 7, 1),
(8, 8, 8, 3),
(9, 9, 9, 5),
(10, 10, 10, 6),
(11, 11, 11, 2),
(12, 12, 12, 3),
(13, 13, 13, 6),
(14, 14, 14, 1),
(15, 15, 15, 2),
(16, 16, 16, 4),
(17, 17, 17, 5),
(18, 18, 18, 2),
(19, 19, 19, 2),
(20, 20, 20, 1),
(21, 21, 21, 3),
(22, 22, 22, 2),
(23, 23, 23, 3),
(24, 24, 24, 3),
(25, 25, 25, 4),
(26, 26, 26, 5),
(27, 27, 27, 6),
(28, 28, 28, 4),
(29, 29, 29, 5),
(30, 30, 30, 6),
(31, 31, 31, 3),
(32, 32, 32, 1),
(33, 33, 33, 4),
(34, 34, 34, 3),
(35, 35, 35, 5),
(36, 36, 36, 6),
(37, 37, 37, 4),
(38, 38, 38, 6);

INSERT INTO `product` (`id`, `name`, `price`, `stock`, `images_id`, `shop_id`) VALUES
(1, 'Pomme', 1.31, 250, 39, 1),
(2, 'Anguille', 0.69, 190, 40, 2),
(3, 'Porc', 1.6, 116, 41, 2),
(4, 'Pêche', 1.74, 757, 42, 3),
(5, 'Noix de coco', 2.8, 410, 43, 3),
(6, 'Espadon', 1.25, 467, 44, 3),
(7, 'Pamplemousse', 2.51, 472, 45, 3),
(8, 'Baudroie', 1.69, 339, 46, 3),
(9, 'Pois', 1.7, 563, 47, 3),
(10, 'Lapin', 2.87, 712, 48, 3),
(11, 'Caille', 2.09, 348, 49, 4),
(12, 'Baudroie', 2.74, 918, 50, 4),
(13, 'Maïs', 2.25, 160, 51, 4),
(14, 'Mouton', 2.29, 127, 52, 4),
(15, 'Guarana', 2.89, 541, 53, 4),
(16, 'Radis', 2.26, 54, 54, 4),
(17, 'Hareng', 1.88, 535, 55, 4),
(18, 'Endive', 2.27, 44, 56, 4),
(19, 'Orange', 2.81, 319, 57, 5),
(20, 'Éponge', 2.58, 496, 58, 5),
(21, 'Champignon', 1.7, 555, 59, 5),
(22, 'Noix de coco', 1.6, 161, 60, 5),
(23, 'Prune', 0.85, 240, 61, 6),
(24, 'Baudroie', 1.43, 543, 62, 6),
(25, 'Concombre', 1.3, 108, 63, 6),
(26, 'Morue', 1.65, 879, 64, 7),
(27, 'Prune', 2.76, 289, 65, 7),
(28, 'Shampoing', 0.72, 870, 66, 7),
(29, 'Truite', 1.16, 316, 67, 7),
(30, 'Grenade', 0.55, 962, 68, 7),
(31, 'Endive', 0.84, 203, 69, 7),
(32, 'Carotte', 1.36, 57, 70, 7),
(33, 'Baie', 1.67, 475, 71, 7),
(34, 'Cheval', 1.52, 485, 72, 8),
(35, 'Anguille', 2.13, 630, 73, 8),
(36, 'Clémentine', 0.6, 462, 74, 8),
(37, 'Sanglier', 0.75, 298, 75, 8),
(38, 'Anguille', 1.56, 668, 76, 9),
(39, 'Daurade', 1.28, 157, 77, 9),
(40, 'Poulet', 0.51, 361, 78, 10),
(41, 'Bar', 0.76, 1008, 79, 10),
(42, 'Prune', 2.87, 602, 80, 10),
(43, 'Chevreuil', 2, 198, 81, 10),
(44, 'Pamplemousse', 2.95, 436, 82, 10),
(45, 'Rasoir électrique', 2.35, 236, 83, 10),
(46, 'Endive', 2.9, 767, 84, 10),
(47, 'Biche', 0.58, 979, 85, 10),
(48, 'Poire', 0.92, 966, 86, 11),
(49, 'Morue', 2.91, 1010, 87, 11),
(50, 'Cornichon', 2.14, 142, 88, 11),
(51, 'Pomme', 2.88, 867, 89, 11),
(52, 'Avocat', 2.59, 396, 90, 11),
(53, 'Pois', 1.88, 874, 91, 11),
(54, 'Patate', 2.56, 960, 92, 11),
(55, 'Chevreuil', 2.87, 854, 93, 11),
(56, 'Merlan', 2.49, 107, 94, 12),
(57, 'Maïs', 0.67, 417, 95, 12),
(58, 'Sanglier', 0.8, 498, 96, 12),
(59, 'Fromage', 0.68, 641, 97, 13),
(60, 'Poulet', 2.03, 102, 98, 14),
(61, 'Canard', 1.49, 682, 99, 14),
(62, 'Grenade', 2, 555, 100, 14),
(63, 'Noix', 0.96, 555, 101, 14),
(64, 'Radis', 1.36, 526, 102, 14),
(65, 'Poire', 1.93, 563, 103, 14),
(66, 'Mouton', 2.23, 991, 104, 14),
(67, 'Prune', 0.54, 859, 105, 14),
(68, 'Fugu', 1.49, 1010, 106, 15),
(69, 'Éponge', 2.99, 859, 107, 15),
(70, 'Fève', 1.2, 924, 108, 15),
(71, 'Pamplemousse', 2.44, 474, 109, 15),
(72, 'Lapin', 1.43, 878, 110, 15),
(73, 'Sanglier', 1.55, 775, 111, 15),
(74, 'Shampoing', 2.96, 813, 112, 15),
(75, 'Morue', 1.02, 525, 113, 16),
(76, 'Fève de cacao', 2.08, 529, 114, 16),
(77, 'Espadon', 2.72, 657, 115, 16),
(78, 'Éponge', 2.28, 415, 116, 16),
(79, 'Dinde', 1.95, 726, 117, 16),
(80, 'Artichaut', 0.64, 852, 118, 16),
(81, 'Coca-Cola', 2.89, 781, 119, 17),
(82, 'Grenade', 2.17, 494, 120, 17),
(83, 'Maïs', 3, 536, 121, 17),
(84, 'Shampoing', 1, 100, 122, 18),
(85, 'Maïs', 0.67, 516, 123, 18),
(86, 'Fromage', 1.19, 144, 124, 19),
(87, 'Sardine', 1.77, 570, 125, 20),
(88, 'Noix de coco', 2.49, 968, 126, 20),
(89, 'Carotte', 1.07, 615, 127, 20),
(90, 'Prune', 0.92, 634, 128, 20),
(91, 'Caille', 1.01, 476, 129, 20),
(92, 'Veau', 0.53, 833, 130, 21),
(93, 'Endive', 1.11, 694, 131, 21),
(94, 'Champignon', 2.87, 901, 132, 21),
(95, 'Daurade', 2.14, 252, 133, 22),
(96, 'Cheval', 2.3, 39, 134, 22),
(97, 'Lapin', 1.03, 334, 135, 22),
(98, 'Pintade', 1.3, 877, 136, 22),
(99, 'Eau', 2.78, 689, 137, 22),
(100, 'Rasoir électrique', 2.22, 594, 138, 22),
(101, 'Caille', 0.89, 618, 139, 23),
(102, 'Grenade', 2.95, 907, 140, 23),
(103, 'Cornichon', 0.96, 381, 141, 23),
(104, 'Merlan', 2.5, 742, 142, 23),
(105, 'Pomme', 0.84, 692, 143, 23),
(106, 'Fève', 0.79, 225, 144, 23),
(107, 'Lapin', 1.65, 962, 145, 23),
(108, 'Cornichon', 2.76, 66, 146, 24),
(109, 'Sardine', 1.57, 799, 147, 24),
(110, 'Maquereau', 1.85, 501, 148, 24),
(111, 'Chevreuil', 2.21, 906, 149, 24),
(112, 'Merlan', 2.93, 445, 150, 24),
(113, 'Morue', 2.72, 896, 151, 24),
(114, 'Poulet', 2.23, 242, 152, 24),
(115, 'Limande', 0.7, 286, 153, 25),
(116, 'Merlan', 0.53, 626, 154, 25),
(117, 'Canard', 2.85, 1009, 155, 25),
(118, 'Avocat', 2.62, 845, 156, 25),
(119, 'Agneau', 2.76, 460, 157, 25),
(120, 'Chevreuil', 1.01, 608, 158, 25),
(121, 'Carotte', 2.44, 371, 159, 26),
(122, 'Radis', 1.85, 518, 160, 26),
(123, 'Maquereau', 2.4, 80, 161, 26),
(124, 'Pois', 2.69, 305, 162, 26),
(125, 'Eau', 2.68, 239, 163, 26),
(126, 'Anguille', 2.48, 46, 164, 26),
(127, 'Abricot', 2.56, 925, 165, 26),
(128, 'Melon', 1.61, 787, 166, 26),
(129, 'Baie', 0.93, 568, 167, 27),
(130, 'Œuf', 1.77, 271, 168, 28),
(131, 'Sardine', 1.7, 883, 169, 28),
(132, 'Limande', 1.96, 496, 170, 28),
(133, 'Kiwi', 1.19, 888, 171, 28),
(134, 'Pois', 1.2, 627, 172, 29),
(135, 'Fugu', 2.08, 960, 173, 29),
(136, 'Pintade', 1.46, 996, 174, 29),
(137, 'Avocat', 1.8, 961, 175, 29),
(138, 'Pêche', 2.09, 704, 176, 29),
(139, 'Radis', 2.35, 101, 177, 29),
(140, 'Limande', 1.35, 806, 178, 30),
(141, 'Espadon', 2.09, 404, 179, 30),
(142, 'Avocat', 1.66, 699, 180, 30),
(143, 'Ananas', 1.6, 412, 181, 30),
(144, 'Maïs', 1.34, 982, 182, 31),
(145, 'Ananas', 2.01, 364, 183, 31),
(146, 'Bar', 0.59, 174, 184, 31),
(147, 'Guarana', 0.87, 902, 185, 31),
(148, 'Pamplemousse', 1.8, 38, 186, 31),
(149, 'Agneau', 2.21, 160, 187, 31),
(150, 'Masque', 1.86, 490, 188, 32),
(151, 'Dinde', 0.91, 801, 189, 32),
(152, 'Bœuf', 2.87, 933, 190, 32),
(153, 'Haricot', 0.84, 15, 191, 32),
(154, 'Fève de cacao', 2.93, 9, 192, 32),
(155, 'Fève de cacao', 0.84, 426, 193, 33),
(156, 'Dinde', 2.85, 570, 194, 33),
(157, 'Anchois', 2.71, 568, 195, 33),
(158, 'Haricot', 0.81, 927, 196, 33),
(159, 'Cheval', 2.95, 1010, 197, 33),
(160, 'Mouton', 1.05, 475, 198, 33),
(161, 'Melon', 1.58, 569, 199, 33),
(162, 'Lait', 0.77, 21, 200, 34),
(163, 'Champignon', 1.93, 819, 201, 34),
(164, 'Poire', 1.41, 923, 202, 34),
(165, 'Cornichon', 1, 578, 203, 34),
(166, 'Sardine', 1.51, 73, 204, 34),
(167, 'Fève', 1.92, 740, 205, 34),
(168, 'Citron', 1.44, 164, 206, 34),
(169, 'Mouton', 2.61, 256, 207, 34),
(170, 'Fève de cacao', 0.71, 288, 208, 35),
(171, 'Ananas', 2.66, 634, 209, 35),
(172, 'Merlan', 0.99, 78, 210, 35),
(173, 'Melon', 0.95, 738, 211, 35),
(174, 'Orange', 0.56, 826, 212, 35),
(175, 'Banane', 2.13, 901, 213, 36),
(176, 'Glace', 0.74, 550, 214, 36),
(177, 'Lait', 2.63, 63, 215, 36),
(178, 'Orange', 1.76, 37, 216, 36),
(179, 'Poire', 1.14, 149, 217, 36),
(180, 'Noix', 2.17, 474, 218, 36),
(181, 'Artichaut', 1.96, 982, 219, 36),
(182, 'Bar', 2.33, 262, 220, 36),
(183, 'Myrtille', 2.17, 658, 221, 37),
(184, 'Fève de cacao', 1.66, 993, 222, 37),
(185, 'Orange', 2.76, 524, 223, 37),
(186, 'Carotte', 0.69, 771, 224, 37),
(187, 'Prune', 0.59, 180, 225, 37),
(188, 'Caille', 2.22, 623, 226, 37),
(189, 'Sanglier', 2.9, 577, 227, 38),
(190, 'Mouton', 1.83, 65, 228, 38),
(191, 'Noix de coco', 1.35, 321, 229, 38),
(192, 'Poire', 0.9, 336, 230, 38);

INSERT INTO `user` (`id`, `email`, `name`, `password`, `phone_number`, `role`, `gps_location_pointer_id`) VALUES
(1, 'élisée@mail.com', 'Élisée', '1234', '0123456789', 'admin', 39),
(2, 'émeric@mail.com', 'Émeric', '1234', '0123456789', 'normal', 40),
(3, 'vincent@mail.com', 'Vincent', '1234', '0123456789', 'normal', 41),
(4, 'philothée@mail.com', 'Philothée', '1234', '0123456789', 'normal', 42),
(5, 'luigi@mail.com', 'Luigi', '1234', '0123456789', 'normal', 43),
(6, 'gilbert@mail.com', 'Gilbert', '1234', '0123456789', 'normal', 44),
(7, 'smith@mail.com', 'Smith', '1234', '0123456789', 'normal', 45),
(8, 'michaël@mail.com', 'Michaël', '1234', '0123456789', 'normal', 46),
(9, 'marcelin@mail.com', 'Marcelin', '1234', '0123456789', 'normal', 47),
(10, 'sébastien@mail.com', 'Sébastien', '1234', '0123456789', 'normal', 48),
(11, 'mauricet@mail.com', 'Mauricet', 'abcdef', '0123456789', 'normal', 49),
(12, 'roland@mail.com', 'Roland', 'abcdef', '0123456789', 'normal', 50),
(13, 'gaël@mail.com', 'Gaël', 'abcdef', '0123456789', 'normal', 51),
(14, 'kiran@mail.com', 'Kiran', 'abcdef', '0123456789', 'normal', 52),
(15, 'rose@mail.com', 'Rose', 'abcdef', '0123456789', 'normal', 53),
(16, 'juste@mail.com', 'Juste', 'abcdef', '0123456789', 'normal', 54),
(17, 'serge@mail.com', 'Serge', 'abcdef', '0123456789', 'normal', 55),
(18, 'gustave@mail.com', 'Gustave', 'abcdef', '0123456789', 'normal', 56),
(19, 'mark@mail.com', 'Mark', 'abcdef', '0123456789', 'normal', 57),
(20, 'fabien@mail.com', 'Fabien', 'abcdef', '0123456789', 'normal', 58);

INSERT INTO `offer` (`id`, `discount_price`, `discount_quantity`, `end_date`, `start_date`, `product_id`, `shop_id`) VALUES
(1, 2.35, 2, '2020-06-30 00:00:00', '2020-06-17 00:00:00', 1, 1),
(2, 2.15, 4, '2020-05-31 00:00:00', '2020-05-17 00:00:00', 2, 2),
(3, 6.23, 6, '2020-06-16 00:00:00', '2020-05-31 00:00:00', 3, 2),
(4, 9.4, 8, '2020-06-16 00:00:00', '2020-05-31 00:00:00', 4, 3),
(5, 20.6, 10, '2020-06-16 00:00:00', '2020-05-31 00:00:00', 5, 3),
(6, 11.25, 12, '2020-06-30 00:00:00', '2020-06-17 00:00:00', 6, 3),
(7, 32.16, 14, '2020-06-16 00:00:00', '2020-05-31 00:00:00', 7, 3),
(8, 22.04, 16, '2020-06-16 00:00:00', '2020-05-31 00:00:00', 8, 3),
(9, 25.2, 18, '2020-05-31 00:00:00', '2020-05-17 00:00:00', 9, 3),
(10, 38.05, 20, '2020-06-16 00:00:00', '2020-05-31 00:00:00', 10, 3),
(11, 35.65, 22, '2020-05-31 00:00:00', '2020-05-17 00:00:00', 11, 4),
(12, 56.66, 24, '2020-06-16 00:00:00', '2020-05-31 00:00:00', 12, 4),
(13, 40.05, 26, '2020-05-31 00:00:00', '2020-05-17 00:00:00', 13, 4),
(14, 58.16, 28, '2020-05-31 00:00:00', '2020-05-17 00:00:00', 14, 4),
(15, 49.96, 30, '2020-06-16 00:00:00', '2020-05-31 00:00:00', 15, 4),
(16, 40.99, 32, '2020-06-16 00:00:00', '2020-05-31 00:00:00', 16, 4),
(17, 42.84, 34, '2020-06-30 00:00:00', '2020-06-17 00:00:00', 17, 4),
(18, 41.09, 36, '2020-06-16 00:00:00', '2020-05-31 00:00:00', 18, 4),
(19, 87.64, 38, '2020-06-30 00:00:00', '2020-06-17 00:00:00', 19, 5),
(20, 84.29, 40, '2020-05-31 00:00:00', '2020-05-17 00:00:00', 20, 5),
(21, 56.21, 42, '2020-06-16 00:00:00', '2020-05-31 00:00:00', 21, 5),
(22, 55.85, 44, '2020-06-16 00:00:00', '2020-05-31 00:00:00', 22, 5),
(23, 34.47, 46, '2020-05-31 00:00:00', '2020-05-17 00:00:00', 23, 6),
(24, 40.37, 48, '2020-06-30 00:00:00', '2020-06-17 00:00:00', 24, 6),
(25, 41.17, 50, '2020-06-16 00:00:00', '2020-05-31 00:00:00', 25, 6),
(26, 66.69, 52, '2020-06-16 00:00:00', '2020-05-31 00:00:00', 26, 7),
(27, 88.24, 54, '2020-06-30 00:00:00', '2020-06-17 00:00:00', 27, 7),
(28, 28.95, 56, '2020-06-16 00:00:00', '2020-05-31 00:00:00', 28, 7),
(29, 57.98, 58, '2020-05-31 00:00:00', '2020-05-17 00:00:00', 29, 7),
(30, 21.04, 60, '2020-06-30 00:00:00', '2020-06-17 00:00:00', 30, 7),
(31, 32.39, 62, '2020-06-16 00:00:00', '2020-05-31 00:00:00', 31, 7),
(32, 60.42, 57, '2020-05-31 00:00:00', '2020-05-17 00:00:00', 32, 7),
(33, 80.18, 66, '2020-06-30 00:00:00', '2020-06-17 00:00:00', 33, 7),
(34, 63.16, 68, '2020-06-30 00:00:00', '2020-06-17 00:00:00', 34, 8),
(35, 105.51, 70, '2020-06-16 00:00:00', '2020-05-31 00:00:00', 35, 8),
(36, 32.4, 72, '2020-06-30 00:00:00', '2020-06-17 00:00:00', 36, 8),
(37, 32.79, 74, '2020-06-16 00:00:00', '2020-05-31 00:00:00', 37, 8),
(38, 108.07, 76, '2020-05-31 00:00:00', '2020-05-17 00:00:00', 38, 9),
(39, 82.29, 78, '2020-06-30 00:00:00', '2020-06-17 00:00:00', 39, 9),
(40, 31.91, 80, '2020-06-30 00:00:00', '2020-06-17 00:00:00', 40, 10),
(41, 45.09, 82, '2020-05-31 00:00:00', '2020-05-17 00:00:00', 41, 10),
(42, 196.74, 84, '2020-06-16 00:00:00', '2020-05-31 00:00:00', 42, 10),
(43, 86.73, 86, '2020-06-16 00:00:00', '2020-05-31 00:00:00', 43, 10),
(44, 194.5, 88, '2020-05-31 00:00:00', '2020-05-17 00:00:00', 44, 10),
(45, 161.44, 90, '2020-06-30 00:00:00', '2020-06-17 00:00:00', 45, 10),
(46, 170.96, 92, '2020-06-16 00:00:00', '2020-05-31 00:00:00', 46, 10),
(47, 32.36, 94, '2020-06-30 00:00:00', '2020-06-17 00:00:00', 47, 10),
(48, 75.64, 96, '2020-06-16 00:00:00', '2020-05-31 00:00:00', 48, 11),
(49, 245.07, 98, '2020-06-16 00:00:00', '2020-05-31 00:00:00', 49, 11),
(50, 158.36, 100, '2020-06-16 00:00:00', '2020-05-31 00:00:00', 50, 11),
(51, 260.31, 102, '2020-06-30 00:00:00', '2020-06-17 00:00:00', 51, 11),
(52, 195.75, 104, '2020-06-30 00:00:00', '2020-06-17 00:00:00', 52, 11),
(53, 120.8, 106, '2020-06-16 00:00:00', '2020-05-31 00:00:00', 53, 11),
(54, 204.35, 108, '2020-06-30 00:00:00', '2020-06-17 00:00:00', 54, 11),
(55, 215.78, 110, '2020-06-30 00:00:00', '2020-06-17 00:00:00', 55, 11),
(56, 249.11, 107, '2020-05-31 00:00:00', '2020-05-17 00:00:00', 56, 12),
(57, 44.43, 114, '2020-06-30 00:00:00', '2020-06-17 00:00:00', 57, 12),
(58, 49.5, 116, '2020-06-30 00:00:00', '2020-06-17 00:00:00', 58, 12),
(59, 73.94, 118, '2020-06-30 00:00:00', '2020-06-17 00:00:00', 59, 13),
(60, 123.92, 102, '2020-05-31 00:00:00', '2020-05-17 00:00:00', 60, 14),
(61, 144.51, 122, '2020-05-31 00:00:00', '2020-05-17 00:00:00', 61, 14),
(62, 211.3, 124, '2020-06-16 00:00:00', '2020-05-31 00:00:00', 62, 14),
(63, 69.01, 126, '2020-05-31 00:00:00', '2020-05-17 00:00:00', 63, 14),
(64, 140.18, 128, '2020-05-31 00:00:00', '2020-05-17 00:00:00', 64, 14),
(65, 173.3, 130, '2020-06-16 00:00:00', '2020-05-31 00:00:00', 65, 14),
(66, 230.96, 132, '2020-06-30 00:00:00', '2020-06-17 00:00:00', 66, 14),
(67, 50.19, 134, '2020-06-30 00:00:00', '2020-06-17 00:00:00', 67, 14),
(68, 131.66, 136, '2020-05-31 00:00:00', '2020-05-17 00:00:00', 68, 15),
(69, 254.9, 138, '2020-06-30 00:00:00', '2020-06-17 00:00:00', 69, 15),
(70, 128.58, 140, '2020-06-16 00:00:00', '2020-05-31 00:00:00', 70, 15),
(71, 237.33, 142, '2020-06-16 00:00:00', '2020-05-31 00:00:00', 71, 15),
(72, 115.1, 144, '2020-05-31 00:00:00', '2020-05-17 00:00:00', 72, 15),
(73, 186.19, 146, '2020-06-30 00:00:00', '2020-06-17 00:00:00', 73, 15),
(74, 228.35, 148, '2020-06-30 00:00:00', '2020-06-17 00:00:00', 74, 15),
(75, 131.51, 150, '2020-05-31 00:00:00', '2020-05-17 00:00:00', 75, 16),
(76, 275.86, 152, '2020-05-31 00:00:00', '2020-05-17 00:00:00', 76, 16),
(77, 311.35, 154, '2020-06-16 00:00:00', '2020-05-31 00:00:00', 77, 16),
(78, 207.09, 156, '2020-06-16 00:00:00', '2020-05-31 00:00:00', 78, 16),
(79, 265.43, 158, '2020-05-31 00:00:00', '2020-05-17 00:00:00', 79, 16),
(80, 77.03, 160, '2020-05-31 00:00:00', '2020-05-17 00:00:00', 80, 16),
(81, 350.61, 162, '2020-06-30 00:00:00', '2020-06-17 00:00:00', 81, 17),
(82, 221.88, 164, '2020-05-31 00:00:00', '2020-05-17 00:00:00', 82, 17),
(83, 422.86, 166, '2020-06-16 00:00:00', '2020-05-31 00:00:00', 83, 17),
(84, 74, 100, '2020-06-30 00:00:00', '2020-06-17 00:00:00', 84, 18),
(85, 100.54, 170, '2020-05-31 00:00:00', '2020-05-17 00:00:00', 85, 18),
(86, 132.97, 144, '2020-05-31 00:00:00', '2020-05-17 00:00:00', 86, 19),
(87, 237.77, 174, '2020-06-16 00:00:00', '2020-05-31 00:00:00', 87, 20),
(88, 373.14, 176, '2020-06-16 00:00:00', '2020-05-31 00:00:00', 88, 20),
(89, 146.78, 178, '2020-05-31 00:00:00', '2020-05-17 00:00:00', 89, 20),
(90, 110.8, 180, '2020-06-30 00:00:00', '2020-06-17 00:00:00', 90, 20),
(91, 127.8, 182, '2020-06-30 00:00:00', '2020-06-17 00:00:00', 91, 20),
(92, 57.02, 184, '2020-06-16 00:00:00', '2020-05-31 00:00:00', 92, 21),
(93, 120.14, 186, '2020-05-31 00:00:00', '2020-05-17 00:00:00', 93, 21),
(94, 482.29, 188, '2020-06-16 00:00:00', '2020-05-31 00:00:00', 94, 21),
(95, 279.44, 190, '2020-06-16 00:00:00', '2020-05-31 00:00:00', 95, 22),
(96, 75.72, 39, '2020-06-16 00:00:00', '2020-05-31 00:00:00', 96, 22),
(97, 111.49, 194, '2020-06-30 00:00:00', '2020-06-17 00:00:00', 97, 22),
(98, 135.34, 196, '2020-05-31 00:00:00', '2020-05-17 00:00:00', 98, 22),
(99, 443.41, 198, '2020-05-31 00:00:00', '2020-05-17 00:00:00', 99, 22),
(100, 333.76, 200, '2020-05-31 00:00:00', '2020-05-17 00:00:00', 100, 22),
(101, 165.28, 202, '2020-06-16 00:00:00', '2020-05-31 00:00:00', 101, 23),
(102, 556.34, 204, '2020-05-31 00:00:00', '2020-05-17 00:00:00', 102, 23),
(103, 144.2, 206, '2020-06-16 00:00:00', '2020-05-31 00:00:00', 103, 23),
(104, 320.04, 208, '2020-06-16 00:00:00', '2020-05-31 00:00:00', 104, 23),
(105, 152.4, 210, '2020-05-31 00:00:00', '2020-05-17 00:00:00', 105, 23),
(106, 110.84, 212, '2020-06-16 00:00:00', '2020-05-31 00:00:00', 106, 23),
(107, 314.53, 214, '2020-06-16 00:00:00', '2020-05-31 00:00:00', 107, 23),
(108, 116.41, 66, '2020-05-31 00:00:00', '2020-05-17 00:00:00', 108, 24),
(109, 316.73, 218, '2020-05-31 00:00:00', '2020-05-17 00:00:00', 109, 24),
(110, 231.5, 220, '2020-06-30 00:00:00', '2020-06-17 00:00:00', 110, 24),
(111, 302.96, 222, '2020-05-31 00:00:00', '2020-05-17 00:00:00', 111, 24),
(112, 568.03, 224, '2020-06-30 00:00:00', '2020-06-17 00:00:00', 112, 24),
(113, 395.79, 226, '2020-05-31 00:00:00', '2020-05-17 00:00:00', 113, 24),
(114, 391.34, 228, '2020-06-30 00:00:00', '2020-06-17 00:00:00', 114, 24),
(115, 95.24, 230, '2020-06-30 00:00:00', '2020-06-17 00:00:00', 115, 25),
(116, 63.98, 232, '2020-05-31 00:00:00', '2020-05-17 00:00:00', 116, 25),
(117, 402.98, 234, '2020-05-31 00:00:00', '2020-05-17 00:00:00', 117, 25),
(118, 568.31, 236, '2020-06-16 00:00:00', '2020-05-31 00:00:00', 118, 25),
(119, 398.64, 238, '2020-06-30 00:00:00', '2020-06-17 00:00:00', 119, 25),
(120, 225, 240, '2020-06-30 00:00:00', '2020-06-17 00:00:00', 120, 25),
(121, 357.87, 242, '2020-05-31 00:00:00', '2020-05-17 00:00:00', 121, 26),
(122, 339.94, 244, '2020-06-30 00:00:00', '2020-06-17 00:00:00', 122, 26),
(123, 108.24, 80, '2020-06-30 00:00:00', '2020-06-17 00:00:00', 123, 26),
(124, 481.54, 248, '2020-06-16 00:00:00', '2020-05-31 00:00:00', 124, 26),
(125, 559.57, 239, '2020-06-16 00:00:00', '2020-05-31 00:00:00', 125, 26),
(126, 106.56, 46, '2020-05-31 00:00:00', '2020-05-17 00:00:00', 126, 26),
(127, 339.32, 254, '2020-05-31 00:00:00', '2020-05-17 00:00:00', 127, 26),
(128, 312.96, 256, '2020-06-16 00:00:00', '2020-05-31 00:00:00', 128, 26),
(129, 203.45, 258, '2020-06-30 00:00:00', '2020-06-17 00:00:00', 129, 27),
(130, 422.85, 260, '2020-05-31 00:00:00', '2020-05-17 00:00:00', 130, 28),
(131, 393.44, 262, '2020-06-30 00:00:00', '2020-06-17 00:00:00', 131, 28),
(132, 416.21, 264, '2020-06-16 00:00:00', '2020-05-31 00:00:00', 132, 28),
(133, 287.25, 266, '2020-05-31 00:00:00', '2020-05-17 00:00:00', 133, 28),
(134, 162.39, 268, '2020-06-30 00:00:00', '2020-06-17 00:00:00', 134, 29),
(135, 510.04, 270, '2020-05-31 00:00:00', '2020-05-17 00:00:00', 135, 29),
(136, 344.68, 272, '2020-06-30 00:00:00', '2020-06-17 00:00:00', 136, 29),
(137, 254.84, 274, '2020-06-16 00:00:00', '2020-05-31 00:00:00', 137, 29),
(138, 417.06, 276, '2020-06-30 00:00:00', '2020-06-17 00:00:00', 138, 29),
(139, 212.4, 101, '2020-05-31 00:00:00', '2020-05-17 00:00:00', 139, 29),
(140, 231.57, 280, '2020-05-31 00:00:00', '2020-05-17 00:00:00', 140, 30),
(141, 396.43, 282, '2020-06-16 00:00:00', '2020-05-31 00:00:00', 141, 30),
(142, 293.78, 284, '2020-05-31 00:00:00', '2020-05-17 00:00:00', 142, 30),
(143, 343.5, 286, '2020-06-30 00:00:00', '2020-06-17 00:00:00', 143, 30),
(144, 344.53, 288, '2020-05-31 00:00:00', '2020-05-17 00:00:00', 144, 31),
(145, 315.54, 290, '2020-06-30 00:00:00', '2020-06-17 00:00:00', 145, 31),
(146, 82.55, 174, '2020-05-31 00:00:00', '2020-05-17 00:00:00', 146, 31),
(147, 192.61, 294, '2020-06-16 00:00:00', '2020-05-31 00:00:00', 147, 31),
(148, 41.65, 38, '2020-05-31 00:00:00', '2020-05-17 00:00:00', 148, 31),
(149, 231.53, 160, '2020-05-31 00:00:00', '2020-05-17 00:00:00', 149, 31),
(150, 418.78, 300, '2020-06-30 00:00:00', '2020-06-17 00:00:00', 150, 32),
(151, 149.64, 302, '2020-06-30 00:00:00', '2020-06-17 00:00:00', 151, 32),
(152, 566.09, 304, '2020-05-31 00:00:00', '2020-05-17 00:00:00', 152, 32),
(153, 11.8, 15, '2020-06-16 00:00:00', '2020-05-31 00:00:00', 153, 32),
(154, 21.39, 9, '2020-05-31 00:00:00', '2020-05-17 00:00:00', 154, 32),
(155, 210.67, 310, '2020-06-16 00:00:00', '2020-05-31 00:00:00', 155, 33),
(156, 504.35, 312, '2020-06-16 00:00:00', '2020-05-31 00:00:00', 156, 33),
(157, 746.7, 314, '2020-06-30 00:00:00', '2020-06-17 00:00:00', 157, 33),
(158, 149.46, 316, '2020-06-16 00:00:00', '2020-05-31 00:00:00', 158, 33),
(159, 598.77, 318, '2020-05-31 00:00:00', '2020-05-17 00:00:00', 159, 33),
(160, 267.13, 320, '2020-06-30 00:00:00', '2020-06-17 00:00:00', 160, 33),
(161, 271.04, 322, '2020-06-30 00:00:00', '2020-06-17 00:00:00', 161, 33),
(162, 9.49, 21, '2020-05-31 00:00:00', '2020-05-17 00:00:00', 162, 34),
(163, 449.74, 326, '2020-06-16 00:00:00', '2020-05-31 00:00:00', 163, 34),
(164, 315.76, 328, '2020-06-16 00:00:00', '2020-05-31 00:00:00', 164, 34),
(165, 305.29, 330, '2020-06-30 00:00:00', '2020-06-17 00:00:00', 165, 34),
(166, 90.12, 73, '2020-05-31 00:00:00', '2020-05-17 00:00:00', 166, 34),
(167, 468.36, 334, '2020-05-31 00:00:00', '2020-05-17 00:00:00', 167, 34),
(168, 200.14, 164, '2020-05-31 00:00:00', '2020-05-17 00:00:00', 168, 34),
(169, 538.98, 256, '2020-05-31 00:00:00', '2020-05-17 00:00:00', 169, 34),
(170, 157.46, 288, '2020-06-30 00:00:00', '2020-06-17 00:00:00', 170, 35),
(171, 827.95, 342, '2020-05-31 00:00:00', '2020-05-17 00:00:00', 171, 35),
(172, 62.25, 78, '2020-06-16 00:00:00', '2020-05-31 00:00:00', 172, 35),
(173, 254.67, 346, '2020-05-31 00:00:00', '2020-05-17 00:00:00', 173, 35),
(174, 134.81, 348, '2020-06-30 00:00:00', '2020-06-17 00:00:00', 174, 35),
(175, 644.29, 350, '2020-06-30 00:00:00', '2020-06-17 00:00:00', 175, 36),
(176, 239.4, 352, '2020-06-30 00:00:00', '2020-06-17 00:00:00', 176, 36),
(177, 107.62, 63, '2020-06-30 00:00:00', '2020-06-17 00:00:00', 177, 36),
(178, 43.99, 37, '2020-06-16 00:00:00', '2020-05-31 00:00:00', 178, 36),
(179, 98.23, 149, '2020-06-16 00:00:00', '2020-05-31 00:00:00', 179, 36),
(180, 448.39, 360, '2020-06-30 00:00:00', '2020-06-17 00:00:00', 180, 36),
(181, 535.59, 362, '2020-05-31 00:00:00', '2020-05-17 00:00:00', 181, 36),
(182, 517.73, 262, '2020-05-31 00:00:00', '2020-05-17 00:00:00', 182, 36),
(183, 495.14, 366, '2020-06-30 00:00:00', '2020-06-17 00:00:00', 183, 37),
(184, 411.79, 368, '2020-06-16 00:00:00', '2020-05-31 00:00:00', 184, 37),
(185, 954.66, 370, '2020-06-30 00:00:00', '2020-06-17 00:00:00', 185, 37),
(186, 150.94, 372, '2020-06-16 00:00:00', '2020-05-31 00:00:00', 186, 37),
(187, 87.49, 180, '2020-06-16 00:00:00', '2020-05-31 00:00:00', 187, 37),
(188, 571.99, 376, '2020-06-30 00:00:00', '2020-06-17 00:00:00', 188, 37),
(189, 751.92, 378, '2020-06-16 00:00:00', '2020-05-31 00:00:00', 189, 38),
(190, 105.84, 65, '2020-05-31 00:00:00', '2020-05-17 00:00:00', 190, 38),
(191, 232.92, 321, '2020-06-16 00:00:00', '2020-05-31 00:00:00', 191, 38),
(192, 227.59, 336, '2020-05-31 00:00:00', '2020-05-17 00:00:00', 192, 38);

INSERT INTO `groups` (`id`, `leader_id`, `offer_id`) VALUES
(1, 9, 77),
(2, 8, 5),
(3, 20, 175),
(4, 19, 40),
(5, 10, 156),
(6, 5, 4),
(7, 8, 127),
(8, 11, 188),
(9, 14, 105),
(10, 11, 123),
(11, 5, 146),
(12, 8, 161),
(13, 16, 174),
(14, 12, 144),
(15, 19, 136);

INSERT INTO `groups_members` (`group_id`, `members_id`) VALUES
(1, 9),
(1, 15),
(1, 6),
(1, 5),
(1, 17),
(2, 8),
(2, 7),
(2, 6),
(2, 17),
(2, 20),
(2, 12),
(2, 16),
(2, 15),
(2, 14),
(3, 20),
(3, 14),
(3, 8),
(4, 19),
(4, 1),
(4, 4),
(4, 2),
(4, 16),
(4, 10),
(4, 18),
(5, 10),
(5, 8),
(5, 1),
(5, 6),
(5, 16),
(5, 12),
(5, 15),
(6, 5),
(7, 8),
(8, 11),
(8, 18),
(9, 14),
(9, 19),
(9, 4),
(10, 11),
(10, 5),
(10, 17),
(11, 5),
(11, 19),
(11, 16),
(11, 2),
(11, 3),
(11, 9),
(12, 8),
(12, 15),
(12, 12),
(12, 2),
(12, 9),
(12, 3),
(13, 16),
(13, 19),
(13, 3),
(14, 12),
(14, 9),
(14, 6),
(14, 8),
(15, 19),
(15, 16),
(15, 7);

INSERT INTO `group_invitation` (`id`, `group_id`, `receiver_id`, `sender_id`) VALUES
(1, 1, 16, 6),
(2, 13, 5, 16),
(3, 14, 17, 8),
(4, 6, 10, 5),
(5, 12, 1, 8),
(6, 5, 19, 6),
(7, 2, 4, 17),
(8, 8, 16, 18),
(9, 6, 8, 5),
(10, 13, 5, 16),
(11, 9, 9, 4),
(12, 15, 17, 16),
(13, 1, 4, 17),
(14, 3, 2, 20),
(15, 2, 5, 15),
(16, 1, 13, 15);

INSERT INTO `user_friends` (`user_id`, `friends_id`) VALUES
(1, 5),
(1, 6),
(1, 8),
(1, 11),
(2, 3),
(2, 4),
(2, 10),
(2, 19),
(3, 5),
(3, 10),
(3, 19),
(4, 8),
(4, 13),
(4, 15),
(4, 17),
(5, 9),
(5, 10),
(5, 11),
(5, 12),
(5, 19),
(6, 11),
(6, 13),
(6, 15),
(6, 18),
(7, 12),
(7, 15),
(7, 16),
(8, 14),
(8, 20),
(9, 11),
(10, 17),
(11, 12),
(11, 15),
(12, 13),
(12, 15),
(12, 19),
(13, 18),
(13, 20),
(14, 17),
(14, 20),
(15, 20);

INSERT INTO `message` (`id`, `created_at`, `message`, `creator_id`) VALUES
(1, '2020-01-17 10:00:00', 'Bla blabla. Bla. Bla. Blabla.', 15),
(2, '2019-01-21 15:49:00', 'Bla blabla.', 5),
(3, '2020-08-04 00:46:00', 'Bla bla, bla bla.', 15),
(4, '2020-05-30 15:15:00', 'Bla. Bla bla, bla. Blablablabla bla. Blabla.', 6),
(5, '2019-06-24 04:02:00', 'Bla bla, bla, bla. Bla bla.', 8),
(6, '2019-12-25 21:33:00', 'Bla. Bla. Bla, bla. Bla blabla, bla, bla. Blablabla.', 14),
(7, '2020-05-16 09:02:00', 'Bla, blabla. Bla. Bla. Bla, bla bla, bla bla. Bla. Bla.', 18),
(8, '2020-11-05 15:40:00', 'Bla bla bla.', 4),
(9, '2020-06-11 10:29:00', 'Bla. Bla bla, bla. Bla, bla, bla bla. Blabla.', 2),
(10, '2019-11-09 15:23:00', 'Bla, bla blabla blabla.', 2),
(11, '2020-05-17 07:21:00', 'Bla. Bla. Bla. Bla. Bla. Bla. Bla bla, bla, bla bla.', 2),
(12, '2019-06-21 20:33:00', 'Bla, bla bla. Bla. Bla bla.', 16),
(13, '2020-09-28 01:08:00', 'Bla. Bla, bla.', 10),
(14, '2019-12-06 01:33:00', 'Blabla bla, bla. Blabla blabla bla, bla bla bla. Blabla.', 2),
(15, '2020-02-10 18:01:00', 'Bla, blabla. Blablabla.', 4),
(16, '2019-07-09 02:37:00', 'Bla bla. Bla. Bla, bla, bla blabla.', 6),
(17, '2019-12-02 06:06:00', 'Blabla. Bla, bla blabla, bla. Bla, bla blabla.', 5),
(18, '2020-01-04 03:09:00', 'Bla. Bla bla. Blabla, bla, bla. Bla bla, bla.', 5),
(19, '2020-07-23 13:10:00', 'Bla, bla, bla.', 8),
(20, '2020-06-19 03:01:00', 'Blablabla bla, blabla. Bla. Blabla.', 11),
(21, '2019-04-18 21:33:00', 'Blabla, bla bla. Bla. Blabla.', 18),
(22, '2020-06-08 03:43:00', 'Bla blabla bla. Bla, bla bla.', 18),
(23, '2019-03-31 15:25:00', 'Bla bla. Bla. Bla, blabla. Blablabla bla.', 18),
(24, '2019-10-25 08:18:00', 'Bla, bla, bla bla, bla.', 18),
(25, '2019-01-04 18:01:00', 'Bla. Bla bla, bla, bla, bla bla.', 11),
(26, '2020-02-27 03:31:00', 'Bla. Bla bla bla bla, blablablablabla blablabla.', 11),
(27, '2020-03-30 08:02:00', 'Bla. Blabla. Blabla bla. Bla blablablabla.', 18),
(28, '2020-05-01 15:55:00', 'Bla. Bla, bla bla blabla.', 4),
(29, '2020-08-08 16:44:00', 'Bla, bla bla, blablabla, bla, bla.', 5),
(30, '2020-06-16 08:06:00', 'Bla blabla, blabla bla, bla, bla. Bla blabla, bla. Bla.', 17),
(31, '2020-02-07 20:31:00', 'Bla. Bla bla. Blablablablabla. Blabla.', 17),
(32, '2019-09-03 05:07:00', 'Bla bla. Blabla blabla. Bla bla blabla.', 5),
(33, '2019-08-25 06:29:00', 'Blabla. Blabla.', 9),
(34, '2020-05-29 20:12:00', 'Bla bla.', 16),
(35, '2019-01-17 10:07:00', 'Blabla. Blabla bla, bla, bla blablabla. Blabla blabla.', 2),
(36, '2020-12-28 18:26:00', 'Bla, blabla, bla blabla blablablabla, bla. Bla.', 5),
(37, '2019-12-27 03:51:00', 'Bla bla, bla. Bla bla.', 2),
(38, '2020-01-30 16:47:00', 'Blablabla bla bla, bla. Bla. Blabla, bla, bla.', 3),
(39, '2019-04-10 19:50:00', 'Bla. Blabla, bla. Bla bla. Bla.', 2),
(40, '2020-06-11 14:31:00', 'Bla. Blabla.', 15),
(41, '2020-07-13 06:15:00', 'Bla bla blablabla bla, bla, blabla. Bla bla, bla.', 8),
(42, '2020-10-27 01:29:00', 'Bla, blabla. Bla blablablabla bla.', 9),
(43, '2019-04-19 05:37:00', 'Blablabla.', 8),
(44, '2019-01-29 18:41:00', 'Bla, blabla bla, bla. Bla. Bla blablabla blabla.', 12),
(45, '2020-12-03 01:58:00', 'Bla. Bla.', 16),
(46, '2019-01-11 14:09:00', 'Bla, bla, bla blabla, blabla bla bla bla bla blabla.', 3),
(47, '2019-01-06 00:47:00', 'Bla. Blablabla blabla, blablabla.', 16),
(48, '2019-09-19 16:53:00', 'Blablabla, blabla, blabla, blabla blabla.', 16),
(49, '2020-12-19 04:25:00', 'Bla bla, bla.', 16),
(50, '2020-08-07 17:14:00', 'Bla blabla bla bla bla bla, bla bla bla. Bla, blabla.', 19),
(51, '2020-01-22 10:06:00', 'Blabla blabla blabla. Bla, bla. Bla.', 3),
(52, '2020-10-16 08:51:00', 'Bla, bla bla, bla, bla blabla.', 3),
(53, '2020-11-16 02:40:00', 'Bla. Blabla.', 9),
(54, '2019-01-15 13:06:00', 'Bla. Blabla.', 12),
(55, '2020-05-19 21:42:00', 'Bla, bla, bla.', 9),
(56, '2019-10-01 05:33:00', 'Bla bla bla. Bla, bla, bla.', 6),
(57, '2020-04-22 16:02:00', 'Bla. Bla bla. Bla, blabla. Bla. Bla, bla, bla, bla.', 8),
(58, '2020-01-21 08:02:00', 'Blabla, blablabla, blabla.', 8),
(59, '2019-01-09 09:11:00', 'Bla bla. Bla, bla, blablabla. Blabla. Bla. Bla. Bla, bla.', 7);

INSERT INTO `groups_messages` (`group_id`, `messages_id`) VALUES
(1, 1),
(1, 2),
(1, 3),
(2, 4),
(3, 5),
(3, 6),
(4, 7),
(4, 8),
(4, 9),
(4, 10),
(4, 11),
(4, 12),
(4, 13),
(4, 14),
(4, 15),
(5, 16),
(6, 17),
(6, 18),
(7, 19),
(8, 20),
(8, 21),
(8, 22),
(8, 23),
(8, 24),
(8, 25),
(8, 26),
(8, 27),
(9, 28),
(10, 29),
(10, 30),
(10, 31),
(10, 32),
(11, 33),
(11, 34),
(11, 35),
(11, 36),
(11, 37),
(12, 38),
(12, 39),
(12, 40),
(12, 41),
(12, 42),
(12, 43),
(12, 44),
(13, 45),
(13, 46),
(13, 47),
(13, 48),
(13, 49),
(13, 50),
(13, 51),
(13, 52),
(14, 53),
(14, 54),
(14, 55),
(14, 56),
(14, 57),
(14, 58),
(15, 59);

INSERT INTO `friend_request` (`id`, `receiver_id`, `sender_id`) VALUES
(1, 4, 1),
(2, 16, 1),
(3, 17, 1),
(4, 20, 1),
(5, 7, 2),
(6, 12, 2),
(7, 13, 2),
(8, 14, 2),
(9, 15, 2),
(10, 16, 2),
(11, 17, 2),
(12, 4, 3),
(13, 11, 3),
(14, 5, 4),
(15, 7, 4),
(16, 8, 5),
(17, 14, 5),
(18, 16, 5),
(19, 20, 5),
(20, 11, 7),
(21, 2, 8),
(22, 6, 8),
(23, 15, 8),
(24, 17, 8),
(25, 1, 9),
(26, 7, 9),
(27, 14, 9),
(28, 8, 10),
(29, 14, 10),
(30, 16, 10),
(31, 18, 10),
(32, 20, 10),
(33, 2, 11),
(34, 8, 11),
(35, 18, 11),
(36, 20, 11),
(37, 1, 12),
(38, 8, 12),
(39, 10, 12),
(40, 14, 12),
(41, 20, 12),
(42, 7, 13),
(43, 8, 13),
(44, 14, 13),
(45, 7, 14),
(46, 1, 15),
(47, 13, 15),
(48, 14, 15),
(49, 17, 15),
(50, 19, 15),
(51, 3, 16),
(52, 6, 16),
(53, 9, 16),
(54, 14, 16),
(55, 5, 17),
(56, 7, 17),
(57, 2, 18),
(58, 7, 18),
(59, 9, 18),
(60, 12, 18),
(61, 16, 18),
(62, 1, 19),
(63, 10, 19),
(64, 16, 19),
(65, 2, 20),
(66, 18, 20);

INSERT INTO `user_sent_friend_requests` (`user_id`, `sent_friend_requests_id`) VALUES
(1, 1),
(1, 2),
(1, 3),
(1, 4),
(2, 5),
(2, 6),
(2, 7),
(2, 8),
(2, 9),
(2, 10),
(2, 11),
(3, 12),
(3, 13),
(4, 14),
(4, 15),
(5, 16),
(5, 17),
(5, 18),
(5, 19),
(7, 20),
(8, 21),
(8, 22),
(8, 23),
(8, 24),
(9, 25),
(9, 26),
(9, 27),
(10, 28),
(10, 29),
(10, 30),
(10, 31),
(10, 32),
(11, 33),
(11, 34),
(11, 35),
(11, 36),
(12, 37),
(12, 38),
(12, 39),
(12, 40),
(12, 41),
(13, 42),
(13, 43),
(13, 44),
(14, 45),
(15, 46),
(15, 47),
(15, 48),
(15, 49),
(15, 50),
(16, 51),
(16, 52),
(16, 53),
(16, 54),
(17, 55),
(17, 56),
(18, 57),
(18, 58),
(18, 59),
(18, 60),
(18, 61),
(19, 62),
(19, 63),
(19, 64),
(20, 65),
(20, 66);

INSERT INTO `user_received_friend_requests` (`user_id`, `received_friend_requests_id`) VALUES
(4, 1),
(16, 2),
(17, 3),
(20, 4),
(7, 5),
(12, 6),
(13, 7),
(14, 8),
(15, 9),
(16, 10),
(17, 11),
(4, 12),
(11, 13),
(5, 14),
(7, 15),
(8, 16),
(14, 17),
(16, 18),
(20, 19),
(11, 20),
(2, 21),
(6, 22),
(15, 23),
(17, 24),
(1, 25),
(7, 26),
(14, 27),
(8, 28),
(14, 29),
(16, 30),
(18, 31),
(20, 32),
(2, 33),
(8, 34),
(18, 35),
(20, 36),
(1, 37),
(8, 38),
(10, 39),
(14, 40),
(20, 41),
(7, 42),
(8, 43),
(14, 44),
(7, 45),
(1, 46),
(13, 47),
(14, 48),
(17, 49),
(19, 50),
(3, 51),
(6, 52),
(9, 53),
(14, 54),
(5, 55),
(7, 56),
(2, 57),
(7, 58),
(9, 59),
(12, 60),
(16, 61),
(1, 62),
(10, 63),
(16, 64),
(2, 65),
(18, 66);

INSERT INTO `user_groups` (`user_id`, `groups_id`) VALUES
(9, 1),
(15, 1),
(6, 1),
(5, 1),
(17, 1),
(8, 2),
(7, 2),
(6, 2),
(17, 2),
(20, 2),
(12, 2),
(16, 2),
(15, 2),
(14, 2),
(20, 3),
(14, 3),
(8, 3),
(19, 4),
(1, 4),
(4, 4),
(2, 4),
(16, 4),
(10, 4),
(18, 4),
(10, 5),
(8, 5),
(1, 5),
(6, 5),
(16, 5),
(12, 5),
(15, 5),
(5, 6),
(8, 7),
(11, 8),
(18, 8),
(14, 9),
(19, 9),
(4, 9),
(11, 10),
(5, 10),
(17, 10),
(5, 11),
(19, 11),
(16, 11),
(2, 11),
(3, 11),
(9, 11),
(8, 12),
(15, 12),
(12, 12),
(2, 12),
(9, 12),
(3, 12),
(16, 13),
(19, 13),
(3, 13),
(12, 14),
(9, 14),
(6, 14),
(8, 14),
(19, 15),
(16, 15),
(7, 15);

INSERT INTO `user_groups_create` (`user_id`, `groups_create_id`) VALUES
(9, 1),
(8, 2),
(20, 3),
(19, 4),
(10, 5),
(5, 6),
(8, 7),
(11, 8),
(14, 9),
(11, 10),
(5, 11),
(8, 12),
(16, 13),
(12, 14),
(19, 15);

INSERT INTO `user_sent_group_invitations` (`user_id`, `sent_group_invitations_id`) VALUES
(6, 1),
(16, 2),
(8, 3),
(5, 4),
(8, 5),
(6, 6),
(17, 7),
(18, 8),
(5, 9),
(16, 10),
(4, 11),
(16, 12),
(17, 13),
(20, 14),
(15, 15),
(15, 16);

INSERT INTO `user_received_group_invitations` (`user_id`, `received_group_invitations_id`) VALUES
(16, 1),
(5, 2),
(17, 3),
(10, 4),
(1, 5),
(19, 6),
(4, 7),
(16, 8),
(8, 9),
(5, 10),
(9, 11),
(17, 12),
(4, 13),
(2, 14),
(5, 15),
(13, 16);
